fen,move,score,outcome
rnbqk1nr/1pppbppp/4p3/p7/4P3/3P1N2/PPP2PPP/RNBQKB1R w KQkq - 0 1,c1h6,0,0
rnbqk1nr/1pppbppp/4p2B/p7/4P3/3P1N2/PPP2PPP/RN1QKB1R b KQkq - 1 2,c7c5,0,0
rnbqk1nr/1p1pbppp/4p2B/p1p5/4P3/3P1N2/PPP2PPP/RN1QKB1R w KQkq c6 0 2,e1e2,270,0
rnbqk1nr/1p1pbppp/4p2B/p1p5/4P3/3P1N2/PPP1KPPP/RN1Q1B1R b kq - 1 3,f7f5,0,0
rnbqk1nr/1p1pb1pp/4p2B/p1p2p2/4P3/3P1N2/PPP1KPPP/RN1Q1B1R w kq f6 0 3,e2e3,180,0
rnbqk1nr/1p1pb1pp/4p2B/p1p2p2/4P3/3PKN2/PPP2PPP/RN1Q1B1R b kq - 1 4,b8c6,0,0
r1bqk1nr/1p1pb1pp/2n1p2B/p1p2p2/4P3/3PKN2/PPP2PPP/RN1Q1B1R w kq - 2 4,e3f4,110,0
r1bqk1nr/1p1pb1pp/2n1p2B/p1p2p2/4PK2/3P1N2/PPP2PPP/RN1Q1B1R b kq - 3 5,a8a7,0,0
2bqk1nr/rp1pb1pp/2n1p2B/p1p2p2/4PK2/3P1N2/PPP2PPP/RN1Q1B1R w k - 4 5,h6g7,0,0
2bqk1nr/rp1pb1Bp/2n1p3/p1p2p2/4PK2/3P1N2/PPP2PPP/RN1Q1B1R b k - 0 6,f5e4,280,0
2bqk1nr/rp1pb1Bp/2n1p3/p1p5/4pK2/3P1N2/PPP2PPP/RN1Q1B1R w k - 0 6,g7h8,280,0
2bqk1nB/rp1pb2p/2n1p3/p1p5/4pK2/3P1N2/PPP2PPP/RN1Q1B1R b - - 0 7,e4f3,280,0
2bqk1nB/rp1pb2p/2n1p3/p1p5/5K2/3P1p2/PPP2PPP/RN1Q1B1R w - - 0 7,f4f3,180,0
2bqk1nB/rp1pb2p/2n1p3/p1p5/8/3P1K2/PPP2PPP/RN1Q1B1R b - - 0 8,c6d4,280,0
2bqk1nB/rp1pb2p/4p3/p1p5/3n4/3P1K2/PPP2PPP/RN1Q1B1R w - - 1 8,h8d4,270,0
2bqk1n1/rp1pb2p/4p3/p1p5/3B4/3P1K2/PPP2PPP/RN1Q1B1R b - - 0 9,c5d4,370,0
2bqk1n1/rp1pb2p/4p3/p7/3p4/3P1K2/PPP2PPP/RN1Q1B1R w - - 0 9,c2c3,270,0
2bqk1n1/rp1pb2p/4p3/p7/3p4/2PP1K2/PP3PPP/RN1Q1B1R b - - 0 10,d4c3,270,0
2bqk1n1/rp1pb2p/4p3/p7/8/2pP1K2/PP3PPP/RN1Q1B1R w - - 0 10,b2c3,170,0
2bqk1n1/rp1pb2p/4p3/p7/8/2PP1K2/P4PPP/RN1Q1B1R b - - 0 11,e7h4,270,0
2bqk1n1/rp1p3p/4p3/p7/7b/2PP1K2/P4PPP/RN1Q1B1R w - - 1 11,a2a3,170,0
2bqk1n1/rp1p3p/4p3/p7/7b/P1PP1K2/5PPP/RN1Q1B1R b - - 0 12,d8f6,170,0
2b1k1n1/rp1p3p/4pq2/p7/7b/P1PP1K2/5PPP/RN1Q1B1R w - - 1 12,f3e4,170,0
2b1k1n1/rp1p3p/4pq2/p7/4K2b/P1PP4/5PPP/RN1Q1B1R b - - 2 13,d7d5,-99997,0
2b1k1n1/rp5p/4pq2/p2p4/4K2b/P1PP4/5PPP/RN1Q1B1R w - d6 0 13,e4e3,-99998,0
2b1k1n1/rp5p/4pq2/p2p4/7b/P1PPK3/5PPP/RN1Q1B1R b - - 1 14,f6f2,-99999,0
rnbqkbnr/ppp3pp/4p3/3p1p2/P2P4/N7/1PP1PPPP/R1BQKBNR w KQkq - 0 1,c1f4,0,0
rnbqkbnr/ppp3pp/4p3/3p1p2/P2P1B2/N7/1PP1PPPP/R2QKBNR b KQkq - 1 2,c7c6,0,0
rnbqkbnr/pp4pp/2p1p3/3p1p2/P2P1B2/N7/1PP1PPPP/R2QKBNR w KQkq - 0 2,e1d2,0,0
rnbqkbnr/pp4pp/2p1p3/3p1p2/P2P1B2/N7/1PPKPPPP/R2Q1BNR b kq - 1 3,d8h4,0,0
rnb1kbnr/pp4pp/2p1p3/3p1p2/P2P1B1q/N7/1PPKPPPP/R2Q1BNR w kq - 2 3,d2e3,0,0
rnb1kbnr/pp4pp/2p1p3/3p1p2/P2P1B1q/N3K3/1PP1PPPP/R2Q1BNR b kq - 3 4,e8d8,0,0
rnbk1bnr/pp4pp/2p1p3/3p1p2/P2P1B1q/N3K3/1PP1PPPP/R2Q1BNR w - - 4 4,e3f3,0,0
rnbk1bnr/pp4pp/2p1p3/3p1p2/P2P1B1q/N4K2/1PP1PPPP/R2Q1BNR b - - 5 5,h4e7,0,0
rnbk1bnr/pp2q1pp/2p1p3/3p1p2/P2P1B2/N4K2/1PP1PPPP/R2Q1BNR w - - 6 5,c2c4,0,0
rnbk1bnr/pp2q1pp/2p1p3/3p1p2/P1PP1B2/N4K2/1P2PPPP/R2Q1BNR b - c3 0 6,b8a6,0,0
r1bk1bnr/pp2q1pp/n1p1p3/3p1p2/P1PP1B2/N4K2/1P2PPPP/R2Q1BNR w - - 1 6,c4d5,0,0
r1bk1bnr/pp2q1pp/n1p1p3/3P1p2/P2P1B2/N4K2/1P2PPPP/R2Q1BNR b - - 0 7,c6d5,100,0
r1bk1bnr/pp2q1pp/n3p3/3p1p2/P2P1B2/N4K2/1P2PPPP/R2Q1BNR w - - 0 7,f4e5,0,0
r1bk1bnr/pp2q1pp/n3p3/3pBp2/P2P4/N4K2/1P2PPPP/R2Q1BNR b - - 1 8,e7h4,0,0
r1bk1bnr/pp4pp/n3p3/3pBp2/P2P3q/N4K2/1P2PPPP/R2Q1BNR w - - 2 8,b2b3,0,0
r1bk1bnr/pp4pp/n3p3/3pBp2/P2P3q/NP3K2/4PPPP/R2Q1BNR b - - 0 9,h4e4,-99997,0
r1bk1bnr/pp4pp/n3p3/3pBp2/P2Pq3/NP3K2/4PPPP/R2Q1BNR w - - 1 9,f3g3,-99998,0
r1bk1bnr/pp4pp/n3p3/3pBp2/P2Pq3/NP4K1/4PPPP/R2Q1BNR b - - 2 10,e4g4,-99999,0
rnbqk1nr/p1ppbppp/1p2p3/8/P2P4/1P6/2P1PPPP/RNBQKBNR w KQkq - 0 1,d1d2,0,0.5
rnbqk1nr/p1ppbppp/1p2p3/8/P2P4/1P6/2PQPPPP/RNB1KBNR b KQkq - 1 2,g7g6,100,0.5
rnbqk1nr/p1ppbp1p/1p2p1p1/8/P2P4/1P6/2PQPPPP/RNB1KBNR w KQkq - 0 2,d2g5,0,0.5
rnbqk1nr/p1ppbp1p/1p2p1p1/6Q1/P2P4/1P6/2P1PPPP/RNB1KBNR b KQkq - 1 3,e7f6,0,0.5
rnbqk1nr/p1pp1p1p/1p2pbp1/6Q1/P2P4/1P6/2P1PPPP/RNB1KBNR w KQkq - 2 3,e1d2,0,0.5
rnbqk1nr/p1pp1p1p/1p2pbp1/6Q1/P2P4/1P6/2PKPPPP/RNB2BNR b kq - 3 4,f6e7,0,0.5
rnbqk1nr/p1ppbp1p/1p2p1p1/6Q1/P2P4/1P6/2PKPPPP/RNB2BNR w kq - 4 4,d2e3,0,0.5
rnbqk1nr/p1ppbp1p/1p2p1p1/6Q1/P2P4/1P2K3/2P1PPPP/RNB2BNR b kq - 5 5,e7b4,0,0.5
rnbqk1nr/p1pp1p1p/1p2p1p1/6Q1/Pb1P4/1P2K3/2P1PPPP/RNB2BNR w kq - 6 5,g5g3,0,0.5
rnbqk1nr/p1pp1p1p/1p2p1p1/8/Pb1P4/1P2K1Q1/2P1PPPP/RNB2BNR b kq - 7 6,g8e7,100,0.5
rnbqk2r/p1ppnp1p/1p2p1p1/8/Pb1P4/1P2K1Q1/2P1PPPP/RNB2BNR w kq - 8 6,g3f3,0,0.5
rnbqk2r/p1ppnp1p/1p2p1p1/8/Pb1P4/1P2KQ2/2P1PPPP/RNB2BNR b kq - 9 7,e7d5,0,0.5
rnbqk2r/p1pp1p1p/1p2p1p1/3n4/Pb1P4/1P2KQ2/2P1PPPP/RNB2BNR w kq - 10 7,e3d3,0,0.5
rnbqk2r/p1pp1p1p/1p2p1p1/3n4/Pb1P4/1P1K1Q2/2P1PPPP/RNB2BNR b kq - 11 8,b4e1,0,0.5
rnbqk2r/p1pp1p1p/1p2p1p1/3n4/P2P4/1P1K1Q2/2P1PPPP/RNB1bBNR w kq - 12 8,c2c3,0,0.5
rnbqk2r/p1pp1p1p/1p2p1p1/3n4/P2P4/1PPK1Q2/4PPPP/RNB1bBNR b kq - 0 9,d8f6,0,0.5
rnb1k2r/p1pp1p1p/1p2pqp1/3n4/P2P4/1PPK1Q2/4PPPP/RNB1bBNR w kq - 1 9,f3f6,0,0.5
rnb1k2r/p1pp1p1p/1p2pQp1/3n4/P2P4/1PPK4/4PPPP/RNB1bBNR b kq - 0 10,d5f6,0,0.5
rnb1k2r/p1pp1p1p/1p2pnp1/8/P2P4/1PPK4/4PPPP/RNB1bBNR w kq - 0 10,a4a5,0,0.5
rnb1k2r/p1pp1p1p/1p2pnp1/P7/3P4/1PPK4/4PPPP/RNB1bBNR b kq - 0 11,b6a5,0,0.5
rnb1k2r/p1pp1p1p/4pnp1/p7/3P4/1PPK4/4PPPP/RNB1bBNR w kq - 0 11,a1a5,0,0.5
rnb1k2r/p1pp1p1p/4pnp1/R7/3P4/1PPK4/4PPPP/1NB1bBNR b kq - 0 12,e1f2,0,0.5
rnb1k2r/p1pp1p1p/4pnp1/R7/3P4/1PPK4/4PbPP/1NB2BNR w kq - 0 12,e2e3,0,0.5
rnb1k2r/p1pp1p1p/4pnp1/R7/3P4/1PPKP3/5bPP/1NB2BNR b kq - 0 13,e8g8,0,0.5
rnb2rk1/p1pp1p1p/4pnp1/R7/3P4/1PPKP3/5bPP/1NB2BNR w - - 1 13,g2g3,0,0.5
rnb2rk1/p1pp1p1p/4pnp1/R7/3P4/1PPKP1P1/5b1P/1NB2BNR b - - 0 14,f6e8,0,0.5
rnb1nrk1/p1pp1p1p/4p1p1/R7/3P4/1PPKP1P1/5b1P/1NB2BNR w - - 1 14,h2h3,0,0.5
rnb1nrk1/p1pp1p1p/4p1p1/R7/3P4/1PPKP1PP/5b2/1NB2BNR b - - 0 15,e6e5,0,0.5
rnb1nrk1/p1pp1p1p/6p1/R3p3/3P4/1PPKP1PP/5b2/1NB2BNR w - - 0 15,d4e5,0,0.5
rnb1nrk1/p1pp1p1p/6p1/R3P3/8/1PPKP1PP/5b2/1NB2BNR b - - 0 16,f2g3,0,0.5
rnb1nrk1/p1pp1p1p/6p1/R3P3/8/1PPKP1bP/8/1NB2BNR w - - 0 16,b3b4,0,0.5
rnb1nrk1/p1pp1p1p/6p1/R3P3/1P6/2PKP1bP/8/1NB2BNR b - - 0 17,g6g5,0,0.5
rnb1nrk1/p1pp1p1p/8/R3P1p1/1P6/2PKP1bP/8/1NB2BNR w - - 0 17,c3c4,0,0.5
rnb1nrk1/p1pp1p1p/8/R3P1p1/1PP5/3KP1bP/8/1NB2BNR b - - 0 18,d7d6,0,0.5
rnb1nrk1/p1p2p1p/3p4/R3P1p1/1PP5/3KP1bP/8/1NB2BNR w - - 0 18,e5d6,0,0.5
rnb1nrk1/p1p2p1p/3P4/R5p1/1PP5/3KP1bP/8/1NB2BNR b - - 0 19,g3d6,0,0.5
rnb1nrk1/p1p2p1p/3b4/R5p1/1PP5/3KP2P/8/1NB2BNR w - - 0 19,a5g5,0,0.5
rnb1nrk1/p1p2p1p/3b4/6R1/1PP5/3KP2P/8/1NB2BNR b - - 0 20,g8h8,100,0.5
rnb1nr1k/p1p2p1p/3b4/6R1/1PP5/3KP2P/8/1NB2BNR w - - 1 20,c1b2,0,0.5
rnb1nr1k/p1p2p1p/3b4/6R1/1PP5/3KP2P/1B6/1N3BNR b - - 2 21,f7f6,100,0.5
rnb1nr1k/p1p4p/3b1p2/6R1/1PP5/3KP2P/1B6/1N3BNR w - - 0 21,f1g2,0,0.5
rnb1nr1k/p1p4p/3b1p2/6R1/1PP5/3KP2P/1B4B1/1N4NR b - - 1 22,c7c6,130,0.5
rnb1nr1k/p6p/2pb1p2/6R1/1PP5/3KP2P/1B4B1/1N4NR w - - 0 22,b2f6,0,0.5
rnb1nr1k/p6p/2pb1B2/6R1/1PP5/3KP2P/6B1/1N4NR b - - 0 23,e8f6,0,0.5
rnb2r1k/p6p/2pb1n2/6R1/1PP5/3KP2P/6B1/1N4NR w - - 0 23,d3d4,0,0.5
rnb2r1k/p6p/2pb1n2/6R1/1PPK4/4P2P/6B1/1N4NR b - - 1 24,c8h3,0,0.5
rn3r1k/p6p/2pb1n2/6R1/1PPK4/4P2b/6B1/1N4NR w - - 0 24,g5g6,0,0.5
rn3r1k/p6p/2pb1nR1/8/1PPK4/4P2b/6B1/1N4NR b - - 1 25,h3g2,-200,0.5
rn3r1k/p6p/2pb1nR1/8/1PPK4/4P3/6b1/1N4NR w - - 0 25,g6f6,-410,0.5
rn3r1k/p6p/2pb1R2/8/1PPK4/4P3/6b1/1N4NR b - - 0 26,g2h1,-310,0.5
rn3r1k/p6p/2pb1R2/8/1PPK4/4P3/8/1N4Nb w - - 0 26,f6d6,-410,0.5
rn3r1k/p6p/2pR4/8/1PPK4/4P3/8/1N4Nb b - - 0 27,h7h5,-280,0.5
rn3r1k/p7/2pR4/7p/1PPK4/4P3/8/1N4Nb w - h6 0 27,e3e4,-280,0.5
rn3r1k/p7/2pR4/7p/1PPKP3/8/8/1N4Nb b - - 0 28,h1e4,-280,0.5
rn3r1k/p7/2pR4/7p/1PPKb3/8/8/1N4N1 w - - 0 28,d6f6,-110,0.5
rn3r1k/p7/2p2R2/7p/1PPKb3/8/8/1N4N1 b - - 1 29,b8d7,-280,0.5
r4r1k/p2n4/2p2R2/7p/1PPKb3/8/8/1N4N1 w - - 2 29,f6f8,-280,0.5
r4R1k/p2n4/2p5/7p/1PPKb3/8/8/1N4N1 b - - 0 30,d7f8,-280,0.5
r4n1k/p7/2p5/7p/1PPKb3/8/8/1N4N1 w - - 0 30,d4e4,-280,0.5
r4n1k/p7/2p5/7p/1PP1K3/8/8/1N4N1 b - - 0 31,h5h4,-280,0.5
r4n1k/p7/2p5/8/1PP1K2p/8/8/1N4N1 w - - 0 31,b4b5,-280,0.5
r4n1k/p7/2p5/1P6/2P1K2p/8/8/1N4N1 b - - 0 32,c6b5,-280,0.5
r4n1k/p7/8/1p6/2P1K2p/8/8/1N4N1 w - - 0 32,c4b5,-280,0.5
r4n1k/p7/8/1P6/4K2p/8/8/1N4N1 b - - 0 33,a7a6,-280,0.5
r4n1k/8/p7/1P6/4K2p/8/8/1N4N1 w - - 0 33,b5a6,-280,0.5
r4n1k/8/P7/8/4K2p/8/8/1N4N1 b - - 0 34,a8a6,-280,0.5
5n1k/8/r7/8/4K2p/8/8/1N4N1 w - - 0 34,b1d2,-280,0.5
5n1k/8/r7/8/4K2p/8/3N4/6N1 b - - 1 35,f8e6,-280,0.5
7k/8/r3n3/8/4K2p/8/3N4/6N1 w - - 2 35,d2f3,-180,0.5
7k/8/r3n3/8/4K2p/5N2/8/6N1 b - - 3 36,e6c7,-180,0.5
7k/2n5/r7/8/4K2p/5N2/8/6N1 w - - 4 36,g1e2,-280,0.5
7k/2n5/r7/8/4K2p/5N2/4N3/8 b - - 5 37,c7e6,-180,0.5
7k/8/r3n3/8/4K2p/5N2/4N3/8 w - - 6 37,f3h4,-180,0.5
7k/8/r3n3/8/4K2N/8/4N3/8 b - - 0 38,e6c5,-180,0.5
7k/8/r7/2n5/4K2N/8/4N3/8 w - - 1 38,e4e3,-180,0.5
7k/8/r7/2n5/7N/4K3/4N3/8 b - - 2 39,c5b3,-180,0.5
7k/8/r7/8/7N/1n2K3/4N3/8 w - - 3 39,e2g1,-180,0.5
7k/8/r7/8/7N/1n2K3/8/6N1 b - - 4 40,b3a1,-180,0.5
7k/8/r7/8/7N/4K3/8/n5N1 w - - 5 40,g1e2,-180,0.5
7k/8/r7/8/7N/4K3/4N3/n7 b - - 6 41,a1c2,-180,0.5
7k/8/r7/8/7N/4K3/2n1N3/8 w - - 7 41,e3d2,-180,0.5
7k/8/r7/8/7N/8/2nKN3/8 b - - 8 42,c2a3,-180,0.5
7k/8/r7/8/7N/n7/3KN3/8 w - - 9 42,e2c1,-180,0.5
7k/8/r7/8/7N/n7/3K4/2N5 b - - 10 43,a3b1,-180,0.5
7k/8/r7/8/7N/8/3K4/1nN5 w - - 11 43,d2d1,-180,0.5
7k/8/r7/8/7N/8/8/1nNK4 b - - 12 44,b1a3,-180,0.5
7k/8/r7/8/7N/n7/8/2NK4 w - - 13 44,c1a2,-180,0.5
7k/8/r7/8/7N/n7/N7/3K4 b - - 14 45,a3b1,-180,0.5
7k/8/r7/8/7N/8/N7/1n1K4 w - - 15 45,a2c1,-180,0.5
7k/8/r7/8/7N/8/8/1nNK4 b - - 16 46,b1a3,-180,0.5
7k/8/r7/8/7N/n7/8/2NK4 w - - 17 46,c1a2,-180,0.5
7k/8/r7/8/7N/n7/N7/3K4 b - - 18 47,a3b1,-180,0.5
7k/8/r7/8/7N/8/N7/1n1K4 w - - 19 47,a2c1,25,0.5
rnbqkbnr/1p1p1ppp/p7/2p1p3/2P2P2/N7/PP1PP1PP/R1BQKBNR w KQkq - 0 1,e1f2,0,0
rnbqkbnr/1p1p1ppp/p7/2p1p3/2P2P2/N7/PP1PPKPP/R1BQ1BNR b kq - 1 2,d8c7,0,0
rnb1kbnr/1pqp1ppp/p7/2p1p3/2P2P2/N7/PP1PPKPP/R1BQ1BNR w kq - 2 2,f2g3,0,0
rnb1kbnr/1pqp1ppp/p7/2p1p3/2P2P2/N5K1/PP1PP1PP/R1BQ1BNR b kq - 3 3,b8c6,0,0
r1b1kbnr/1pqp1ppp/p1n5/2p1p3/2P2P2/N5K1/PP1PP1PP/R1BQ1BNR w kq - 4 3,g3h4,0,0
r1b1kbnr/1pqp1ppp/p1n5/2p1p3/2P2P1K/N7/PP1PP1PP/R1BQ1BNR b kq - 5 4,b7b6,0,0
r1b1kbnr/2qp1ppp/ppn5/2p1p3/2P2P1K/N7/PP1PP1PP/R1BQ1BNR w kq - 0 4,h4h5,0,0
r1b1kbnr/2qp1ppp/ppn5/2p1p2K/2P2P2/N7/PP1PP1PP/R1BQ1BNR b kq - 1 5,f7f5,0,0
r1b1kbnr/2qp2pp/ppn5/2p1pp1K/2P2P2/N7/PP1PP1PP/R1BQ1BNR w kq f6 0 5,f4e5,0,0
r1b1kbnr/2qp2pp/ppn5/2p1Pp1K/2P5/N7/PP1PP1PP/R1BQ1BNR b kq - 0 6,f8e7,-99997,0
r1b1k1nr/2qpb1pp/ppn5/2p1Pp1K/2P5/N7/PP1PP1PP/R1BQ1BNR w kq - 1 6,b2b3,-99998,0
r1b1k1nr/2qpb1pp/ppn5/2p1Pp1K/2P5/NP6/P2PP1PP/R1BQ1BNR b kq - 0 7,g7g6,-99999,0
rnbqk1nr/pp1p1ppp/2pb4/4p3/P7/4P3/1PPPNPPP/RNBQKB1R w KQkq - 0 1,e2c3,0,0.5
rnbqk1nr/pp1p1ppp/2pb4/4p3/P7/2N1P3/1PPP1PPP/RNBQKB1R b KQkq - 1 2,d8c7,10,0.5
rnb1k1nr/ppqp1ppp/2pb4/4p3/P7/2N1P3/1PPP1PPP/RNBQKB1R w KQkq - 2 2,d1e2,0,0.5
rnb1k1nr/ppqp1ppp/2pb4/4p3/P7/2N1P3/1PPPQPPP/RNB1KB1R b KQkq - 3 3,e8d8,10,0.5
rnbk2nr/ppqp1ppp/2pb4/4p3/P7/2N1P3/1PPPQPPP/RNB1KB1R w KQ - 4 3,c3e4,40,0.5
rnbk2nr/ppqp1ppp/2pb4/4p3/P3N3/4P3/1PPPQPPP/RNB1KB1R b KQ - 5 4,g8h6,100,0.5
rnbk3r/ppqp1ppp/2pb3n/4p3/P3N3/4P3/1PPPQPPP/RNB1KB1R w KQ - 6 4,e1d1,10,0.5
rnbk3r/ppqp1ppp/2pb3n/4p3/P3N3/4P3/1PPPQPPP/RNBK1B1R b - - 7 5,d8e8,100,0.5
rnb1k2r/ppqp1ppp/2pb3n/4p3/P3N3/4P3/1PPPQPPP/RNBK1B1R w - - 8 5,e4d6,10,0.5
rnb1k2r/ppqp1ppp/2pN3n/4p3/P7/4P3/1PPPQPPP/RNBK1B1R b - - 0 6,c7d6,110,0.5
rnb1k2r/pp1p1ppp/2pq3n/4p3/P7/4P3/1PPPQPPP/RNBK1B1R w - - 0 6,b2b3,10,0.5
rnb1k2r/pp1p1ppp/2pq3n/4p3/P7/1P2P3/2PPQPPP/RNBK1B1R b - - 0 7,a7a6,110,0.5
rnb1k2r/1p1p1ppp/p1pq3n/4p3/P7/1P2P3/2PPQPPP/RNBK1B1R w - - 0 7,c2c3,10,0.5
rnb1k2r/1p1p1ppp/p1pq3n/4p3/P7/1PP1P3/3PQPPP/RNBK1B1R b - - 0 8,d6d5,10,0.5
rnb1k2r/1p1p1ppp/p1p4n/3qp3/P7/1PP1P3/3PQPPP/RNBK1B1R w - - 1 8,d1c2,10,0.5
rnb1k2r/1p1p1ppp/p1p4n/3qp3/P7/1PP1P3/2KPQPPP/RNB2B1R b - - 2 9,a6a5,10,0.5
rnb1k2r/1p1p1ppp/2p4n/p2qp3/P7/1PP1P3/2KPQPPP/RNB2B1R w - - 0 9,d2d3,10,0.5
rnb1k2r/1p1p1ppp/2p4n/p2qp3/P7/1PPPP3/2K1QPPP/RNB2B1R b - - 0 10,e5e4,10,0.5
rnb1k2r/1p1p1ppp/2p4n/p2q4/P3p3/1PPPP3/2K1QPPP/RNB2B1R w - - 0 10,d3e4,10,0.5
rnb1k2r/1p1p1ppp/2p4n/p2q4/P3P3/1PP1P3/2K1QPPP/RNB2B1R b - - 0 11,d5e4,10,0.5
rnb1k2r/1p1p1ppp/2p4n/p7/P3q3/1PP1P3/2K1QPPP/RNB2B1R w - - 0 11,e2d3,10,0.5
rnb1k2r/1p1p1ppp/2p4n/p7/P3q3/1PPQP3/2K2PPP/RNB2B1R b - - 1 12,d7d5,10,0.5
rnb1k2r/1p3ppp/2p4n/p2p4/P3q3/1PPQP3/2K2PPP/RNB2B1R w - d6 0 12,d3e4,10,0.5
rnb1k2r/1p3ppp/2p4n/p2p4/P3Q3/1PP1P3/2K2PPP/RNB2B1R b - - 0 13,d5e4,110,0.5
rnb1k2r/1p3ppp/2p4n/p7/P3p3/1PP1P3/2K2PPP/RNB2B1R w - - 0 13,b1d2,10,0.5
rnb1k2r/1p3ppp/2p4n/p7/P3p3/1PP1P3/2KN1PPP/R1B2B1R b - - 1 14,b7b5,110,0.5
rnb1k2r/5ppp/2p4n/pp6/P3p3/1PP1P3/2KN1PPP/R1B2B1R w - b6 0 14,a4b5,110,0.5
rnb1k2r/5ppp/2p4n/pP6/4p3/1PP1P3/2KN1PPP/R1B2B1R b - - 0 15,c6b5,210,0.5
rnb1k2r/5ppp/7n/pp6/4p3/1PP1P3/2KN1PPP/R1B2B1R w - - 0 15,d2e4,110,0.5
rnb1k2r/5ppp/7n/pp6/4N3/1PP1P3/2K2PPP/R1B2B1R b - - 0 16,c8d7,210,0.5
rn2k2r/3b1ppp/7n/pp6/4N3/1PP1P3/2K2PPP/R1B2B1R w - - 1 16,e4d6,110,0.5
rn2k2r/3b1ppp/3N3n/pp6/8/1PP1P3/2K2PPP/R1B2B1R b - - 2 17,e8e7,210,0.5
rn5r/3bkppp/3N3n/pp6/8/1PP1P3/2K2PPP/R1B2B1R w - - 3 17,d6b5,210,0.5
rn5r/3bkppp/7n/pN6/8/1PP1P3/2K2PPP/R1B2B1R b - - 0 18,h6g4,210,0.5
rn5r/3bkppp/8/pN6/6n1/1PP1P3/2K2PPP/R1B2B1R w - - 1 18,c1a3,110,0.5
rn5r/3bkppp/8/pN6/6n1/BPP1P3/2K2PPP/R4B1R b - - 2 19,e7f6,210,0.5
rn5r/3b1ppp/5k2/pN6/6n1/BPP1P3/2K2PPP/R4B1R w - - 3 19,c3c4,110,0.5
rn5r/3b1ppp/5k2/pN6/2P3n1/BP2P3/2K2PPP/R4B1R b - - 0 20,g4f2,210,0.5
rn5r/3b1ppp/5k2/pN6/2P5/BP2P3/2K2nPP/R4B1R w - - 0 20,h1g1,110,0.5
rn5r/3b1ppp/5k2/pN6/2P5/BP2P3/2K2nPP/R4BR1 b - - 1 21,d7f5,110,0.5
rn5r/5ppp/5k2/pN3b2/2P5/BP2P3/2K2nPP/R4BR1 w - - 2 21,c2c1,110,0.5
rn5r/5ppp/5k2/pN3b2/2P5/BP2P3/5nPP/R1K2BR1 b - - 3 22,f2d3,110,0.5
rn5r/5ppp/5k2/pN3b2/2P5/BP1nP3/6PP/R1K2BR1 w - - 4 22,f1d3,100,0.5
rn5r/5ppp/5k2/pN3b2/2P5/BP1BP3/6PP/R1K3R1 b - - 0 23,f5d3,200,0.5
rn5r/5ppp/5k2/pN6/2P5/BP1bP3/6PP/R1K3R1 w - - 0 23,c1d2,100,0.5
rn5r/5ppp/5k2/pN6/2P5/BP1bP3/3K2PP/R5R1 b - - 1 24,d3e4,200,0.5
rn5r/5ppp/5k2/pN6/2P1b3/BP2P3/3K2PP/R5R1 w - - 2 24,a3b2,100,0.5
rn5r/5ppp/5k2/pN6/2P1b3/1P2P3/1B1K2PP/R5R1 b - - 3 25,f6g5,200,0.5
rn5r/5ppp/8/pN4k1/2P1b3/1P2P3/1B1K2PP/R5R1 w - - 4 25,b2g7,100,0.5
rn5r/5pBp/8/pN4k1/2P1b3/1P2P3/3K2PP/R5R1 b - - 0 26,h8d8,300,0.5
rn1r4/5pBp/8/pN4k1/2P1b3/1P2P3/3K2PP/R5R1 w - - 1 26,g7d4,100,0.5
rn1r4/5p1p/8/pN4k1/2PBb3/1P2P3/3K2PP/R5R1 b - - 2 27,a5a4,300,0.5
rn1r4/5p1p/8/1N4k1/p1PBb3/1P2P3/3K2PP/R5R1 w - - 0 27,d2c3,100,0.5
rn1r4/5p1p/8/1N4k1/p1PBb3/1PK1P3/6PP/R5R1 b - - 1 28,a4a3,300,0.5
rn1r4/5p1p/8/1N4k1/2PBb3/pPK1P3/6PP/R5R1 w - - 0 28,g2g3,200,0.5
rn1r4/5p1p/8/1N4k1/2PBb3/pPK1P1P1/7P/R5R1 b - - 0 29,a3a2,300,0.5
rn1r4/5p1p/8/1N4k1/2PBb3/1PK1P1P1/p6P/R5R1 w - - 0 29,h2h4,200,0.5
rn1r4/5p1p/8/1N4k1/2PBb2P/1PK1P1P1/p7/R5R1 b - h3 0 30,g5g4,300,0.5
rn1r4/5p1p/8/1N6/2PBb1kP/1PK1P1P1/p7/R5R1 w - - 1 30,b3b4,100,0.5
rn1r4/5p1p/8/1N6/1PPBb1kP/2K1P1P1/p7/R5R1 b - - 0 31,b8c6,200,0.5
r2r4/5p1p/2n5/1N6/1PPBb1kP/2K1P1P1/p7/R5R1 w - - 1 31,d4c5,100,0.5
r2r4/5p1p/2n5/1NB5/1PP1b1kP/2K1P1P1/p7/R5R1 b - - 2 32,d8d3,200,0.5
r7/5p1p/2n5/1NB5/1PP1b1kP/2KrP1P1/p7/R5R1 w - - 3 32,c3b2,100,0.5
r7/5p1p/2n5/1NB5/1PP1b1kP/3rP1P1/pK6/R5R1 b - - 4 33,c6e5,200,0.5
r7/5p1p/8/1NB1n3/1PP1b1kP/3rP1P1/pK6/R5R1 w - - 5 33,c5e7,100,0.5
r7/4Bp1p/8/1N2n3/1PP1b1kP/3rP1P1/pK6/R5R1 b - - 6 34,e5c4,100,0.5
r7/4Bp1p/8/1N6/1Pn1b1kP/3rP1P1/pK6/R5R1 w - - 0 34,b2c1,0,0.5
r7/4Bp1p/8/1N6/1Pn1b1kP/3rP1P1/p7/R1K3R1 b - - 1 35,c4e3,100,0.5
r7/4Bp1p/8/1N6/1P2b1kP/3rn1P1/p7/R1K3R1 w - - 0 35,e7c5,0,0.5
r7/5p1p/8/1NB5/1P2b1kP/3rn1P1/p7/R1K3R1 b - - 1 36,e4c6,90,0.5
r7/5p1p/2b5/1NB5/1P4kP/3rn1P1/p7/R1K3R1 w - - 2 36,c5e3,0,0.5
r7/5p1p/2b5/1N6/1P4kP/3rB1P1/p7/R1K3R1 b - - 0 37,c6b5,0,0.5
r7/5p1p/8/1b6/1P4kP/3rB1P1/p7/R1K3R1 w - - 0 37,e3d2,0,0.5
r7/5p1p/8/1b6/1P4kP/3r2P1/p2B4/R1K3R1 b - - 1 38,a8c8,0,0.5
2r5/5p1p/8/1b6/1P4kP/3r2P1/p2B4/R1K3R1 w - - 2 38,c1d1,0,0.5
2r5/5p1p/8/1b6/1P4kP/3r2P1/p2B4/R2K2R1 b - - 3 39,d3g3,0,0.5
2r5/5p1p/8/1b6/1P4kP/6r1/p2B4/R2K2R1 w - - 0 39,g1g3,0,0.5
2r5/5p1p/8/1b6/1P4kP/6R1/p2B4/R2K4 b - - 0 40,g4g3,0,0.5
2r5/5p1p/8/1b6/1P5P/6k1/p2B4/R2K4 w - - 0 40,d2e1,0,0.5
2r5/5p1p/8/1b6/1P5P/6k1/p7/R2KB3 b - - 1 41,g3g2,0,0.5
2r5/5p1p/8/1b6/1P5P/8/p5k1/R2KB3 w - - 2 41,a1a2,0,0.5
2r5/5p1p/8/1b6/1P5P/8/R5k1/3KB3 b - - 0 42,g2g1,0,0.5
2r5/5p1p/8/1b6/1P5P/8/R7/3KB1k1 w - - 1 42,h4h5,0,0.5
2r5/5p1p/8/1b5P/1P6/8/R7/3KB1k1 b - - 0 43,f7f6,0,0.5
2r5/7p/5p2/1b5P/1P6/8/R7/3KB1k1 w - - 0 43,h5h6,0,0.5
2r5/7p/5p1P/1b6/1P6/8/R7/3KB1k1 b - - 0 44,f6f5,0,0.5
2r5/7p/7P/1b3p2/1P6/8/R7/3KB1k1 w - - 0 44,e1d2,0,0.5
2r5/7p/7P/1b3p2/1P6/8/R2B4/3K2k1 b - - 1 45,b5d3,0,0.5
2r5/7p/7P/5p2/1P6/3b4/R2B4/3K2k1 w - - 2 45,d2c1,0,0.5
2r5/7p/7P/5p2/1P6/3b4/R7/2BK2k1 b - - 3 46,d3f1,0,0.5
2r5/7p/7P/5p2/1P6/8/R7/2BK1bk1 w - - 4 46,c1b2,0,0.5
2r5/7p/7P/5p2/1P6/8/RB6/3K1bk1 b - - 5 47,f5f4,0,0.5
2r5/7p/7P/8/1P3p2/8/RB6/3K1bk1 w - - 0 47,b2a1,0,0.5
2r5/7p/7P/8/1P3p2/8/R7/B2K1bk1 b - - 1 48,f4f3,0,0.5
2r5/7p/7P/8/1P6/5p2/R7/B2K1bk1 w - - 0 48,a1b2,0,0.5
2r5/7p/7P/8/1P6/5p2/RB6/3K1bk1 b - - 1 49,c8c6,0,0.5
8/7p/2r4P/8/1P6/5p2/RB6/3K1bk1 w - - 2 49,b2c1,0,0.5
8/7p/2r4P/8/1P6/5p2/R7/2BK1bk1 b - - 3 50,f1d3,0,0.5
8/7p/2r4P/8/1P6/3b1p2/R7/2BK2k1 w - - 4 50,c1d2,0,0.5
8/7p/2r4P/8/1P6/3b1p2/R2B4/3K2k1 b - - 5 51,g1h2,0,0.5
8/7p/2r4P/8/1P6/3b1p2/R2B3k/3K4 w - - 6 51,d2c1,0,0.5
8/7p/2r4P/8/1P6/3b1p2/R6k/2BK4 b - - 7 52,h2g1,0,0.5
8/7p/2r4P/8/1P6/3b1p2/R7/2BK2k1 w - - 8 52,c1d2,0,0.5
8/7p/2r4P/8/1P6/3b1p2/R2B4/3K2k1 b - - 9 53,g1h2,0,0.5
8/7p/2r4P/8/1P6/3b1p2/R2B3k/3K4 w - - 10 53,d2e1,0,0.5
8/7p/2r4P/8/1P6/3b1p2/R6k/3KB3 b - - 11 54,d3e2,-70,0.5
8/7p/2r4P/8/1P6/5p2/R3b2k/3KB3 w - - 12 54,d1d2,-100,0.5
8/7p/2r4P/8/1P6/5p2/R2Kb2k/4B3 b - - 13 55,c6h6,-100,0.5
8/7p/7r/8/1P6/5p2/R2Kb2k/4B3 w - - 0 55,e1f2,-100,0.5
8/7p/7r/8/1P6/5p2/R2KbB1k/8 b - - 1 56,h6d6,-100,0.5
8/7p/3r4/8/1P6/5p2/R2KbB1k/8 w - - 2 56,d2c1,-100,0.5
8/7p/3r4/8/1P6/5p2/R3bB1k/2K5 b - - 3 57,d6d1,-100,0.5
8/7p/8/8/1P6/5p2/R3bB1k/2Kr4 w - - 4 57,c1b2,-100,0.5
8/7p/8/8/1P6/5p2/RK2bB1k/3r4 b - - 5 58,h7h6,0,0.5
8/8/7p/8/1P6/5p2/RK2bB1k/3r4 w - - 0 58,f2e3,0,0.5
8/8/7p/8/1P6/4Bp2/RK2b2k/3r4 b - - 1 59,f3f2,0,0.5
8/8/7p/8/1P6/4B3/RK2bp1k/3r4 w - - 0 59,e3f2,0,0.5
8/8/7p/8/1P6/8/RK2bB1k/3r4 b - - 0 60,h6h5,0,0.5
8/8/8/7p/1P6/8/RK2bB1k/3r4 w - - 0 60,f2e3,0,0.5
8/8/8/7p/1P6/4B3/RK2b2k/3r4 b - - 1 61,h5h4,0,0.5
8/8/8/8/1P5p/4B3/RK2b2k/3r4 w - - 0 61,e3c1,0,0.5
8/8/8/8/1P5p/8/RK2b2k/2Br4 b - - 1 62,e2f3,0,0.5
8/8/8/8/1P5p/5b2/RK5k/2Br4 w - - 2 62,b4b5,0,0.5
8/8/8/1P6/7p/5b2/RK5k/2Br4 b - - 0 63,d1g1,0,0.5
8/8/8/1P6/7p/5b2/RK5k/2B3r1 w - - 1 63,b5b6,0,0.5
8/8/1P6/8/7p/5b2/RK5k/2B3r1 b - - 0 64,h4h3,0,0.5
8/8/1P6/8/8/5b1p/RK5k/2B3r1 w - - 0 64,c1d2,0,0.5
8/8/1P6/8/8/5b1p/RK1B3k/6r1 b - - 1 65,g1d1,0,0.5
8/8/1P6/8/8/5b1p/RK1B3k/3r4 w - - 2 65,d2c1,0,0.5
8/8/1P6/8/8/5b1p/RK5k/2Br4 b - - 3 66,d1g1,0,0.5
8/8/1P6/8/8/5b1p/RK5k/2B3r1 w - - 4 66,c1d2,0,0.5
8/8/1P6/8/8/5b1p/RK1B3k/6r1 b - - 5 67,g1d1,0,0.5
8/8/1P6/8/8/5b1p/RK1B3k/3r4 w - - 6 67,d2c3,0,0.5
8/8/1P6/8/8/2B2b1p/RK5k/3r4 b - - 7 68,f3h1,0,0.5
8/8/1P6/8/8/2B4p/RK5k/3r3b w - - 8 68,c3b4,0,0.5
8/8/1P6/8/1B6/7p/RK5k/3r3b b - - 9 69,h1e4,0,0.5
8/8/1P6/8/1B2b3/7p/RK5k/3r4 w - - 10 69,b4a3,0,0.5
8/8/1P6/8/4b3/B6p/RK5k/3r4 b - - 11 70,h2g3,0,0.5
8/8/1P6/8/4b3/B5kp/RK6/3r4 w - - 12 70,a3b4,0,0.5
8/8/1P6/8/1B2b3/6kp/RK6/3r4 b - - 13 71,h3h2,0,0.5
8/8/1P6/8/1B2b3/6k1/RK5p/3r4 w - - 0 71,a2a1,0,0.5
8/8/1P6/8/1B2b3/6k1/1K5p/R2r4 b - - 1 72,d1a1,0,0.5
8/8/1P6/8/1B2b3/6k1/1K5p/r7 w - - 0 72,b4d6,-400,0.5
8/8/1P1B4/8/4b3/6k1/1K5p/r7 b - - 1 73,g3g2,-100,0.5
8/8/1P1B4/8/4b3/8/1K4kp/r7 w - - 2 73,d6h2,-730,0.5
8/8/1P6/8/4b3/8/1K4kB/r7 b - - 0 74,a1b1,-330,0.5
8/8/1P6/8/4b3/8/1K4kB/1r6 w - - 1 74,b2c3,-730,0.5
8/8/1P6/8/4b3/2K5/6kB/1r6 b - - 2 75,g2h2,-500,0.5
8/8/1P6/8/4b3/2K5/7k/1r6 w - - 0 75,c3d4,-730,0.5
8/8/1P6/8/3Kb3/8/7k/1r6 b - - 1 76,e4h1,-730,0.5
8/8/1P6/8/3K4/8/7k/1r5b w - - 2 76,d4c5,-830,0.5
8/8/1P6/2K5/8/8/7k/1r5b b - - 3 77,b1b2,-830,0.5
8/8/1P6/2K5/8/8/1r5k/7b w - - 4 77,c5d6,-730,0.5
8/8/1P1K4/8/8/8/1r5k/7b b - - 5 78,b2b6,-830,0.5
8/8/1r1K4/8/8/8/7k/7b w - - 0 78,d6c5,-830,0.5
8/8/1r6/2K5/8/8/7k/7b b - - 1 79,b6b1,-830,0.5
8/8/8/2K5/8/8/7k/1r5b w - - 2 79,c5c4,-830,0.5
8/8/8/8/2K5/8/7k/1r5b b - - 3 80,h1g2,-830,0.5
8/8/8/8/2K5/8/6bk/1r6 w - - 4 80,c4c3,-830,0.5
8/8/8/8/8/2K5/6bk/1r6 b - - 5 81,g2f1,-830,0.5
8/8/8/8/8/2K5/7k/1r3b2 w - - 6 81,c3c2,-830,0.5
8/8/8/8/8/8/2K4k/1r3b2 b - - 7 82,b1a1,-830,0.5
8/8/8/8/8/8/2K4k/r4b2 w - - 8 82,c2b2,-830,0.5
8/8/8/8/8/8/1K5k/r4b2 b - - 9 83,a1e1,-830,0.5
8/8/8/8/8/8/1K5k/4rb2 w - - 10 83,b2a2,-830,0.5
8/8/8/8/8/8/K6k/4rb2 b - - 11 84,f1e2,-830,0.5
8/8/8/8/8/8/K3b2k/4r3 w - - 12 84,a2b2,-830,0.5
8/8/8/8/8/8/1K2b2k/4r3 b - - 13 85,e2d1,-830,0.5
8/8/8/8/8/8/1K5k/3br3 w - - 14 85,b2a1,-830,0.5
8/8/8/8/8/8/7k/K2br3 b - - 15 86,d1c2,-830,0.5
8/8/8/8/8/8/2b4k/K3r3 w - - 16 86,a1a2,-830,0.5
8/8/8/8/8/8/K1b4k/4r3 b - - 17 87,c2b1,-830,0.5
8/8/8/8/8/8/K6k/1b2r3 w - - 18 87,a2a1,-830,0.5
8/8/8/8/8/8/7k/Kb2r3 b - - 19 88,b1c2,-830,0.5
8/8/8/8/8/8/2b4k/K3r3 w - - 20 88,a1a2,-830,0.5
8/8/8/8/8/8/K1b4k/4r3 b - - 21 89,c2b1,-830,0.5
8/8/8/8/8/8/K6k/1b2r3 w - - 22 89,a2a1,-830,0.5
8/8/8/8/8/8/7k/Kb2r3 b - - 23 90,b1d3,-830,0.5
8/8/8/8/8/3b4/7k/K3r3 w - - 24 90,a1a2,-830,0.5
8/8/8/8/8/3b4/K6k/4r3 b - - 25 91,e1f1,-830,0.5
8/8/8/8/8/3b4/K6k/5r2 w - - 26 91,a2b2,-830,0.5
8/8/8/8/8/3b4/1K5k/5r2 b - - 27 92,d3b1,-830,0.5
8/8/8/8/8/8/1K5k/1b3r2 w - - 28 92,b2a1,-830,0.5
8/8/8/8/8/8/7k/Kb3r2 b - - 29 93,b1d3,-830,0.5
8/8/8/8/8/3b4/7k/K4r2 w - - 30 93,a1a2,-830,0.5
8/8/8/8/8/3b4/K6k/5r2 b - - 31 94,d3b1,-830,0.5
8/8/8/8/8/8/K6k/1b3r2 w - - 32 94,a2a1,-830,0.5
8/8/8/8/8/8/7k/Kb3r2 b - - 33 95,b1d3,-830,0.5
8/8/8/8/8/3b4/7k/K4r2 w - - 34 95,a1a2,-830,0.5
8/8/8/8/8/3b4/K6k/5r2 b - - 35 96,d3b1,-830,0.5
8/8/8/8/8/8/K6k/1b3r2 w - - 36 96,a2a1,25,0.5
rnbqkbnr/ppp3pp/3pp3/5p2/3P1P2/P7/1PP1P1PP/RNBQKBNR w KQkq - 0 1,b1d2,0,1
rnbqkbnr/ppp3pp/3pp3/5p2/3P1P2/P7/1PPNP1PP/R1BQKBNR b KQkq - 1 2,d8f6,0,1
rnb1kbnr/ppp3pp/3ppq2/5p2/3P1P2/P7/1PPNP1PP/R1BQKBNR w KQkq - 2 2,g2g3,0,1
rnb1kbnr/ppp3pp/3ppq2/5p2/3P1P2/P5P1/1PPNP2P/R1BQKBNR b KQkq - 0 3,f6g5,0,1
rnb1kbnr/ppp3pp/3pp3/5pq1/3P1P2/P5P1/1PPNP2P/R1BQKBNR w KQkq - 1 3,e1f2,800,1
rnb1kbnr/ppp3pp/3pp3/5pq1/3P1P2/P5P1/1PPNPK1P/R1BQ1BNR b kq - 2 4,h7h5,0,1
rnb1kbnr/ppp3p1/3pp3/5pqp/3P1P2/P5P1/1PPNPK1P/R1BQ1BNR w kq h6 0 4,f2f3,800,1
rnb1kbnr/ppp3p1/3pp3/5pqp/3P1P2/P4KP1/1PPNP2P/R1BQ1BNR b kq - 1 5,e8d8,0,1
rnbk1bnr/ppp3p1/3pp3/5pqp/3P1P2/P4KP1/1PPNP2P/R1BQ1BNR w - - 2 5,f4g5,800,1
rnbk1bnr/ppp3p1/3pp3/5pPp/3P4/P4KP1/1PPNP2P/R1BQ1BNR b - - 0 6,b8c6,900,1
r1bk1bnr/ppp3p1/2npp3/5pPp/3P4/P4KP1/1PPNP2P/R1BQ1BNR w - - 1 6,d2b1,800,1
r1bk1bnr/ppp3p1/2npp3/5pPp/3P4/P4KP1/1PP1P2P/RNBQ1BNR b - - 2 7,e6e5,900,1
r1bk1bnr/ppp3p1/2np4/4ppPp/3P4/P4KP1/1PP1P2P/RNBQ1BNR w - - 0 7,d4e5,900,1
r1bk1bnr/ppp3p1/2np4/4PpPp/8/P4KP1/1PP1P2P/RNBQ1BNR b - - 0 8,c6e5,1000,1
r1bk1bnr/ppp3p1/3p4/4npPp/8/P4KP1/1PP1P2P/RNBQ1BNR w - - 0 8,f3g2,800,1
r1bk1bnr/ppp3p1/3p4/4npPp/8/P5P1/1PP1P1KP/RNBQ1BNR b - - 1 9,c7c6,1000,1
r1bk1bnr/pp4p1/2pp4/4npPp/8/P5P1/1PP1P1KP/RNBQ1BNR w - - 0 9,b2b3,800,1
r1bk1bnr/pp4p1/2pp4/4npPp/8/PP4P1/2P1P1KP/RNBQ1BNR b - - 0 10,f8e7,1000,1
r1bk2nr/pp2b1p1/2pp4/4npPp/8/PP4P1/2P1P1KP/RNBQ1BNR w - - 1 10,c1b2,890,1
r1bk2nr/pp2b1p1/2pp4/4npPp/8/PP4P1/1BP1P1KP/RN1Q1BNR b - - 2 11,d8e8,1000,1
r1b1k1nr/pp2b1p1/2pp4/4npPp/8/PP4P1/1BP1P1KP/RN1Q1BNR w - - 3 11,b3b4,890,1
r1b1k1nr/pp2b1p1/2pp4/4npPp/1P6/P5P1/1BP1P1KP/RN1Q1BNR b - - 0 12,e8f8,1000,1
r1b2knr/pp2b1p1/2pp4/4npPp/1P6/P5P1/1BP1P1KP/RN1Q1BNR w - - 1 12,c2c3,800,1
r1b2knr/pp2b1p1/2pp4/4npPp/1P6/P1P3P1/1B2P1KP/RN1Q1BNR b - - 0 13,e5d7,1000,1
r1b2knr/pp1nb1p1/2pp4/5pPp/1P6/P1P3P1/1B2P1KP/RN1Q1BNR w - - 1 13,g5g6,800,1
r1b2knr/pp1nb1p1/2pp2P1/5p1p/1P6/P1P3P1/1B2P1KP/RN1Q1BNR b - - 0 14,h8h6,900,1
r1b2kn1/pp1nb1p1/2pp2Pr/5p1p/1P6/P1P3P1/1B2P1KP/RN1Q1BNR w - - 1 14,e2e3,800,1
r1b2kn1/pp1nb1p1/2pp2Pr/5p1p/1P6/P1P1P1P1/1B4KP/RN1Q1BNR b - - 0 15,d6d5,900,1
r1b2kn1/pp1nb1p1/2p3Pr/3p1p1p/1P6/P1P1P1P1/1B4KP/RN1Q1BNR w - - 0 15,h2h3,800,1
r1b2kn1/pp1nb1p1/2p3Pr/3p1p1p/1P6/P1P1P1PP/1B4K1/RN1Q1BNR b - - 0 16,a7a6,900,1
r1b2kn1/1p1nb1p1/p1p3Pr/3p1p1p/1P6/P1P1P1PP/1B4K1/RN1Q1BNR w - - 0 16,a3a4,800,1
r1b2kn1/1p1nb1p1/p1p3Pr/3p1p1p/PP6/2P1P1PP/1B4K1/RN1Q1BNR b - - 0 17,b7b6,900,1
r1b2kn1/3nb1p1/ppp3Pr/3p1p1p/PP6/2P1P1PP/1B4K1/RN1Q1BNR w - - 0 17,c3c4,800,1
r1b2kn1/3nb1p1/ppp3Pr/3p1p1p/PPP5/4P1PP/1B4K1/RN1Q1BNR b - - 0 18,e7b4,900,1
r1b2kn1/3n2p1/ppp3Pr/3p1p1p/PbP5/4P1PP/1B4K1/RN1Q1BNR w - - 0 18,c4d5,800,1
r1b2kn1/3n2p1/ppp3Pr/3P1p1p/Pb6/4P1PP/1B4K1/RN1Q1BNR b - - 0 19,h6g6,1000,1
r1b2kn1/3n2p1/ppp3r1/3P1p1p/Pb6/4P1PP/1B4K1/RN1Q1BNR w - - 0 19,d5c6,900,1
r1b2kn1/3n2p1/ppP3r1/5p1p/Pb6/4P1PP/1B4K1/RN1Q1BNR b - - 0 20,g6c6,1120,1
r1b2kn1/3n2p1/ppr5/5p1p/Pb6/4P1PP/1B4K1/RN1Q1BNR w - - 0 20,f1e2,800,1
r1b2kn1/3n2p1/ppr5/5p1p/Pb6/4P1PP/1B2B1K1/RN1Q2NR b - - 1 21,c6d6,1070,1
r1b2kn1/3n2p1/pp1r4/5p1p/Pb6/4P1PP/1B2B1K1/RN1Q2NR w - - 2 21,d1c1,700,1
r1b2kn1/3n2p1/pp1r4/5p1p/Pb6/4P1PP/1B2B1K1/RNQ3NR b - - 3 22,c8b7,810,1
r4kn1/1b1n2p1/pp1r4/5p1p/Pb6/4P1PP/1B2B1K1/